"","energy","danceability","tempo","valence","loudness"
"1",0.602,0.76,116.989,0.685,-4.871
"2",0.719,0.732,96.035,0.71,-5.469
"3",0.821,0.514,94.884,0.298,-4.803
"4",0.884,0.544,91.981,0.184,-5.973
"5",0.713,0.589,97.069,0.54,-5.614
"6",0.805,0.632,160.052,0.903,-5.707
"7",0.853,0.671,118.032,0.523,-6.568
"8",0.711,0.624,169.999,0.347,-6.347
"9",0.663,0.587,139.993,0.539,-7.439
"10",0.67,0.761,120.014,0.519,-5.956
"11",0.494,0.47,144.039,0.0524,-8.672
"12",0.807,0.572,160.015,0.626,-5.348
"13",0.379,0.782,103.99,0.267,-8.964
"14",0.703,0.387,123.18,0.32,-5.956
"15",0.509,0.554,85.079,0.401,-9.403
"16",0.848,0.653,122.017,0.724,-5.936
"17",0.415,0.621,77.978,0.313,-13.187
"18",0.539,0.632,109.962,0.186,-8.375
"19",0.509,0.8,109.994,0.0768,-9.386
"20",0.607,0.695,118.043,0.394,-8.84
